{
  "ie": {
    "6": 0,
    "7": 0.0056581024506292404,
    "8": 0.004935753737515657,
    "9": 0.006100030778799466,
    "10": 0.00022185157036657937,
    "11": 0.92111707128666,
    "5.5": 0
  },
  "edge": {
    "12": 0.0027722572233007756,
    "13": 0.004437031407331588,
    "14": 0.010980765326864213,
    "15": 0.009095914385029755,
    "16": 0.021185937563726862,
    "17": 0.33569159777820445,
    "18": 2.118031140790237,
    "79": 0.005214399309896082,
    "80": 0.043585846920499646,
    "81": 0.11707018627616246,
    "83": 0.298582041899846,
    "84": 0.32265737431602715,
    "85": 0.4890850979673462,
    "86": 0.5256338130758179,
    "87": 0.3803299085485231
  },
  "firefox": {
    "2": 0,
    "3": 0,
    "4": 0,
    "5": 0,
    "6": 0,
    "7": 0,
    "8": 0,
    "9": 0,
    "10": 0,
    "11": 0,
    "12": 0,
    "13": 0,
    "14": 0,
    "15": 0,
    "16": 0.0008874062814663175,
    "17": 0,
    "18": 0,
    "19": 0,
    "20": 0,
    "21": 0,
    "22": 0,
    "23": 0,
    "24": 0,
    "25": 0.0001668323809156677,
    "26": 0.004435256594768655,
    "27": 0,
    "28": 0.0007205739005506499,
    "29": 0,
    "30": 0.00033188994926840274,
    "31": 0.0139766489330945,
    "32": 0.00033188994926840274,
    "33": 0.0009424254709172292,
    "34": 0.00011003837890182337,
    "35": 0.0003336647618313354,
    "36": 0.00011003837890182337,
    "37": 0.00033188994926840274,
    "38": 0.020852272801895527,
    "39": 0.00022185157036657937,
    "40": 0.002051683322750126,
    "41": 0.01209002317869711,
    "42": 0.05301720087992367,
    "43": 0.004932204112389793,
    "44": 0.006043236776785622,
    "45": 0.029114025282346943,
    "46": 0.00011003837890182337,
    "47": 0.002605424842385108,
    "48": 0.17791253574605612,
    "49": 0.01286561626869867,
    "50": 0.029172594096923722,
    "51": 0.001551186180003123,
    "52": 0.26248767880748497,
    "53": 0.0007755930900015615,
    "54": 0.002216740891102861,
    "55": 0.030892387470405444,
    "56": 0.056621845195239856,
    "57": 0.09915877789104632,
    "58": 0.008483604050817994,
    "59": 0.11657323875854132,
    "60": 0.8799680420150668,
    "61": 0.08213300097483354,
    "62": 0.007097475439167607,
    "63": 0.08707052952491215,
    "64": 0.006543733919532625,
    "65": 0.11219122654066065,
    "66": 0.24407222365449596,
    "67": 0.11596092842432958,
    "68": 1.406492810997477,
    "69": 0.20447793018803181,
    "70": 0.5152706825208543,
    "71": 1.2678462283937426,
    "72": 3.715582524187412,
    "73": 0.8990455022540298,
    "74": 0.8790788609210376,
    "75": 1.0810063854561351,
    "76": 1.1411814054023661,
    "77": 1.1122839072526969,
    "78": 1.5645540682271315,
    "79": 0.9536156641265194,
    "80": 1.194693778987348,
    "81": 1.2594708879092633,
    "82": 1.022939842834668,
    "83": 1.0337023062162916,
    "84": 0.04847190590625319,
    "85": 0,
    "86": 0,
    "3.5": 0,
    "3.6": 0
  },
  "chrome": {
    "4": 0,
    "5": 0,
    "6": 0,
    "7": 0,
    "8": 0,
    "9": 0,
    "10": 0,
    "11": 0,
    "12": 0,
    "13": 0,
    "14": 0,
    "15": 0,
    "16": 0,
    "17": 0.0007205739005506499,
    "18": 0,
    "19": 0.0006637798985368055,
    "20": 0.00011003837890182337,
    "21": 0,
    "22": 0,
    "23": 0.00022185157036657937,
    "24": 0.0001668323809156677,
    "25": 0,
    "26": 0,
    "27": 0.00027687075981749107,
    "28": 0.0007773679025644941,
    "29": 0.0007205739005506499,
    "30": 0.00011003837890182337,
    "31": 0.0038815150751336726,
    "32": 0.0001668323809156677,
    "33": 0,
    "34": 0,
    "35": 0.0006087607090858938,
    "36": 0,
    "37": 0.0006087607090858938,
    "38": 0,
    "39": 0.00121929623073472,
    "40": 0.007264307820083275,
    "41": 0.0020534581353130587,
    "42": 0,
    "43": 0.0007205739005506499,
    "44": 0,
    "45": 0.0013311094221994764,
    "46": 0.0006105355216488264,
    "47": 0.07226326831236517,
    "48": 0.016853620097608303,
    "49": 0.29986700619540924,
    "50": 0.0046571081651352346,
    "51": 0.0031627159871459557,
    "52": 0.25566529931557197,
    "53": 0.04181635879525581,
    "54": 0.0093159911428334,
    "55": 0.08385279434831527,
    "56": 0.0029390896042164436,
    "57": 0.06604787471697508,
    "58": 0.04619127176288476,
    "59": 0.04730407923984352,
    "60": 0.022405233794461583,
    "61": 0.013474376977784565,
    "62": 0.01707724648053781,
    "63": 0.22094286633435786,
    "64": 0.015302433917605178,
    "65": 0.1602194293061807,
    "66": 0.024623749498127376,
    "67": 0.1313804999710883,
    "68": 0.032106359263451366,
    "69": 0.264594381319686,
    "70": 0.3212073524521112,
    "71": 0.11385422591212854,
    "72": 0.09677875424415365,
    "73": 0.1926647777691522,
    "74": 0.15096023216536114,
    "75": 0.22526630973766174,
    "76": 0.2569964087377714,
    "77": 0.32259703068888745,
    "78": 1.8223775396192294,
    "79": 10.42882701679317,
    "80": 5.720142798579113,
    "81": 4.40526048764253,
    "83": 6.373272046925759,
    "84": 5.1812458112205,
    "85": 4.961018194349004,
    "86": 5.933995288724556,
    "87": 2.3623234412025362,
    "88": 0.004099817020374387,
    "89": 0.00011003837890182337,
    "90": 0
  },
  "safari": {
    "4": 0,
    "5": 0.0007755930900015615,
    "6": 0,
    "7": 0,
    "8": 0.005047566928980414,
    "9": 0.002218515703665794,
    "10": 0.09100351416437086,
    "11": 0.1114156334506591,
    "12": 0.37446060340290493,
    "13": 4.489512614817506,
    "14": 1.9252545498296199,
    "3.1": 0,
    "3.2": 0,
    "5.1": 0,
    "6.1": 0.00022185157036657937,
    "7.1": 0.0014411478011012997,
    "9.1": 0.17896499959587517,
    "10.1": 0.2691414511059194,
    "11.1": 0.7054400738265233,
    "12.1": 1.7510052272134566,
    "13.1": 4.546855033913296,
    "TP": 0
  },
  "opera": {
    "9": 0,
    "11": 0,
    "12": 0,
    "15": 0,
    "16": 0,
    "17": 0,
    "18": 0,
    "19": 0,
    "20": 0,
    "21": 0,
    "22": 0,
    "23": 0,
    "24": 0,
    "25": 0,
    "26": 0,
    "27": 0,
    "28": 0,
    "29": 0,
    "30": 0,
    "31": 0,
    "32": 0,
    "33": 0.00022185157036657937,
    "34": 0,
    "35": 0,
    "36": 0.0022735348931167054,
    "37": 0,
    "38": 0,
    "39": 0,
    "40": 0,
    "41": 0,
    "42": 0,
    "43": 0,
    "44": 0,
    "45": 0.0005537415196349821,
    "46": 0,
    "47": 0,
    "48": 0,
    "49": 0.0006105355216488264,
    "50": 0.00027687075981749107,
    "51": 0,
    "52": 0,
    "53": 0,
    "54": 0.0003301151367054701,
    "55": 0.00011003837890182337,
    "56": 0,
    "57": 0.0001668323809156677,
    "58": 0.0009406506583542964,
    "60": 0,
    "62": 0.0003869091387193144,
    "63": 0.00011003837890182337,
    "64": 0.0032124107389080695,
    "65": 0.11657323875854132,
    "66": 0.10414600119288701,
    "67": 0.09393905414346145,
    "68": 0.18972391335237282,
    "69": 0.041035441267565455,
    "70": 0.05739033903498969,
    "71": 0.06105355216488264,
    "72": 0.08845133369887373,
    "9.5-9.6": 0,
    "10.0-10.1": 0,
    "10.5": 0,
    "10.6": 0,
    "11.1": 0,
    "11.5": 0,
    "11.6": 0,
    "12.1": 0.002994108793667355
  },
  "ios_saf": {
    "8": 0.00022185157036657937,
    "3.2": 0,
    "4.0-4.1": 0,
    "4.2-4.3": 0,
    "5.0-5.1": 0.00011003837890182337,
    "6.0-6.1": 0,
    "7.0-7.1": 0.0005537415196349821,
    "8.1-8.4": 0.0005537415196349821,
    "9.0-9.2": 0.0013861286116503878,
    "9.3": 0.0038264958856827607,
    "10.0-10.2": 0.0042701990264159195,
    "10.3": 0.023789587593549037,
    "11.0-11.2": 0.01790963357255322,
    "11.3-11.4": 0.02922406366124877,
    "12.0-12.1": 0.07419426438083587,
    "12.2-12.4": 0.32797293794201043,
    "13.0-13.1": 0.04553104148947382,
    "13.2": 0.09999293979562467,
    "13.3": 0.7975563954678528,
    "13.4-13.7": 0.9549929186753552,
    "14.0-14.2": 0.316550244286976
  },
  "op_mini": {
    "all": 0.0007187990879877172
  },
  "android": {
    "3": 0,
    "4": 0,
    "81": 0.1293021944598942,
    "2.1": 0,
    "2.2": 0,
    "2.3": 0.00005501918945091169,
    "4.1": 0.0023853480845814614,